{"loss": 49.187038053944704, "reward_per_episodes": 0.0, "last100eps_mean_reward": 0.0, "Intrinsic_loss": 1.0386551729217173, "_timestamp": 1671543720.2346783, "_runtime": 130.6303071975708, "_step": 1, "_wandb": {"runtime": 221}}