{"loss": 1.5309841771610082, "reward_per_episodes": 0.0, "last20eps_mean_reward": 0.0, "Intrinsic_loss": 1.5978604064153479, "_timestamp": 1671397977.4579227, "_runtime": 6160.549652814865, "_step": 999, "_wandb": {"runtime": 6158}}