{"loss": 1.9026411501690745, "reward_per_episodes": 300.0, "last20eps_mean_reward": 270.0, "Intrinsic_loss": 1.9763968661427498, "_timestamp": 1671377717.3573122, "_runtime": 42.86064624786377, "_step": 5, "_wandb": {"runtime": 44}}