{"reward_per_episodes": 80.0, "last20eps_mean_reward": 52.0, "_timestamp": 1671295429.433309, "_runtime": 21.86852216720581, "_step": 4, "_wandb": {"runtime": 21}}