{"last100eps_mean_reward": 141.1, "_timestamp": 1671537403.8060615, "_runtime": 15.004875421524048, "_step": 99, "_wandb": {"runtime": 14}}