{"loss": 18.989307690877467, "reward_per_episodes": 178.0, "last100eps_mean_reward": 145.395, "Intrinsic_loss": 0.8052261315214563, "_timestamp": 1671542429.2929835, "_runtime": 1122.982516527176, "_step": 3, "_wandb": {"runtime": 1122}}