{"last100eps_mean_reward": 645.3, "_timestamp": 1671530195.628968, "_runtime": 217.07618188858032, "_step": 999, "_wandb": {"runtime": 206}}