{"loss": 45.665327209141104, "reward_per_episodes": 140.0, "last20eps_mean_reward": 571.5, "_timestamp": 1671460439.005036, "_runtime": 4275.795028209686, "_step": 999, "_wandb": {"runtime": 4275}}