{"last100eps_mean_reward": 245.07, "_timestamp": 1671537471.887399, "_runtime": 18.76256489753723, "_step": 99, "_wandb": {"runtime": 12}}