{"reward_per_episodes": 20.0, "last20eps_mean_reward": 20.0, "_timestamp": 1671295213.321272, "_runtime": 23.09467101097107, "_step": 4, "_wandb": {"runtime": 20}}