{"reward_per_episodes": 280.0, "last20eps_mean_reward": 182.66666666666666, "Intrinsic_loss": 1.7978363037109375, "total_loss": [2.0140554904937744, 1.8957360982894897, 1.944077730178833, 2.1873672008514404, 2.06369948387146, 1.8858541250228882, 1.8775051832199097, 1.7164586782455444, 1.2281471490859985, 1.8483660221099854, 1.812874674797058, 1.9162489175796509, 1.5666965246200562, 1.8808695077896118, 1.5104079246520996, 1.8873108625411987, 1.8597211837768555, 1.7259691953659058, 1.9833776950836182, 1.9015781879425049, 1.6783055067062378, 1.8342775106430054, 1.7179641723632812, 1.604339838027954, 1.2499688863754272, 1.4842509031295776, 1.4496800899505615, 1.6229133605957031, 1.5955513715744019, 1.561365008354187, 1.5108013153076172, 1.8482710123062134], "_timestamp": 1671375734.998434, "_runtime": 97.7885491847992, "_step": 14, "_wandb": {"runtime": 100}}