{"reward_per_episodes": 200.0, "last20eps_mean_reward": 311.0, "_timestamp": 1671303269.86608, "_runtime": 6643.538861989975, "_step": 1699, "_wandb": {"runtime": 6692}}