{"loss": 1.7355593966669403, "reward_per_episodes": 0.0, "last20eps_mean_reward": 0.0, "Intrinsic_loss": 1.7049818391686127, "_timestamp": 1671391811.4860368, "_runtime": 6156.470143795013, "_step": 999, "_wandb": {"runtime": 6154}}