{"loss": 1.4661720450385474, "reward_per_episodes": 60.0, "last20eps_mean_reward": 247.0, "Intrinsic_loss": 1.4965326289527003, "_timestamp": 1671385647.8565395, "_runtime": 6156.823737382889, "_step": 999, "_wandb": {"runtime": 6156}}