{"loss": 77.00275801206007, "reward_per_episodes": 520.0, "last20eps_mean_reward": 834.5, "_timestamp": 1671468822.010574, "_runtime": 3987.9420671463013, "_step": 999, "_wandb": {"runtime": 3987}}