{"last100eps_mean_reward": 281.6666666666667, "_timestamp": 1671536975.4779103, "_runtime": 147.74584436416626, "_step": 2, "_wandb": {"runtime": 129}}