{"loss": 94.36789878425188, "reward_per_episodes": 950.0, "last20eps_mean_reward": 936.0, "_timestamp": 1671464720.1707497, "_runtime": 4099.737766742706, "_step": 999, "_wandb": {"runtime": 4099}}