{"loss": 176.53020484428853, "reward_per_episodes": 1060.0, "last100eps_mean_reward": 868.4, "_timestamp": 1671517447.6952114, "_runtime": 7572.294354438782, "_step": 999, "_wandb": {"runtime": 7570}}