{"reward_per_episodes": 200.0, "last20eps_mean_reward": 224.0, "_timestamp": 1671295765.7679467, "_runtime": 279.2712438106537, "_step": 73, "_wandb": {"runtime": 278}}